,Frame,Alt,Speed
0,00193,0.0,0.0
1,00199,0.0,0.0
2,00205,0.0,0.0
3,00211,0.0,0.0
4,00217,0.0,0.0
5,00223,0.0,0.0
6,00229,0.0,0.0
7,00235,0.0,0.0
8,00241,0.0,1.0
9,00247,0.0,1.0
10,00253,0.0,2.0
11,00259,0.0,2.0
12,00265,0.0,3.0
13,00271,0.0,4.0
14,00277,0.0,4.0
15,00283,0.0,5.0
16,00289,0.0,6.0
17,00295,0.0,7.0
18,00301,0.0,7.0
19,00307,0.0,6.0
20,00313,0.0,9.0
21,00319,0.0,9.0
22,00325,0.0,10.0
23,00331,0.0,11.0
24,00337,0.0,11.0
25,00343,0.0,12.0
26,00349,0.0,13.0
27,00355,0.0,14.0
28,00361,0.0,14.0
29,00367,0.0,15.0
30,00373,0.0,16.0
31,00379,0.0,17.0
32,00385,0.0,17.0
33,00391,0.0,16.0
34,00397,0.0,19.0
35,00403,0.0,20.0
36,00409,0.0,21.0
37,00415,0.0,22.0
38,00421,0.0,23.0
39,00427,0.0,23.0
40,00433,0.0,24.0
41,00439,0.0,25.0
42,00445,0.0,26.0
43,00451,0.0,27.0
44,00457,0.0,26.0
45,00463,0.0,29.0
46,00469,0.0,29.0
47,00475,0.0,30.0
48,00481,0.0,31.0
49,00487,0.0,32.0
50,00493,0.0,33.0
51,00499,0.0,34.0
52,00505,0.0,35.0
53,00511,0.0,36.0
54,00517,0.0,36.0
55,00523,0.0,37.0
56,00529,0.0,36.0
57,00535,0.0,39.0
58,00541,0.0,40.0
59,00547,0.0,41.0
60,00553,0.0,42.0
61,00559,0.0,43.0
62,00565,0.0,44.0
63,00571,0.0,44.0
64,00577,0.0,46.0
65,00583,0.0,46.0
66,00589,0.0,47.0
67,00595,0.0,46.0
68,00601,0.0,49.0
69,00607,0.0,50.0
70,00613,0.0,51.0
71,00619,0.0,52.0
72,00625,0.0,53.0
73,00631,0.0,54.0
74,00637,0.0,55.0
75,00643,0.0,56.0
76,00649,0.0,57.0
77,00655,0.1,56.0
78,00661,0.4,59.0
79,00667,0.6000000000000001,60.0
80,00673,0.7000000000000001,61.0
81,00679,0.6000000000000001,62.0
82,00685,0.9,63.0
83,00691,0.9,64.0
84,00697,0.9,65.0
85,00703,1.0,66.0
86,00709,1.0,67.0
87,00715,1.0,66.0
88,00721,1.0,69.0
89,00727,1.0,70.0
90,00733,1.0,71.0
91,00739,1.0,72.0
92,00745,1.0,73.0
93,00751,1.0,74.0
94,00757,1.0,75.0
95,00763,1.0,75.0
96,00769,1.0,76.0
97,00775,1.0,77.0
98,00781,1.0,76.0
99,00787,1.0,79.0
100,00793,1.0,60.0
101,00799,1.0,61.0
102,00805,1.0,62.0
103,00811,1.0,63.0
104,00817,1.0,63.0
105,00823,1.0,64.0
106,00829,1.0,65.0
107,00835,1.0,66.0
108,00841,1.0,67.0
109,00847,1.0,66.0
110,00853,1.0,69.0
111,00859,1.0,90.0
112,00865,1.0,91.0
113,00871,1.0,92.0
114,00877,1.0,93.0
115,00883,1.0,94.0
116,00889,1.0,95.0
117,00895,1.0,96.0
118,00901,1.0,97.0
119,00907,1.0,96.0
120,00913,1.0,99.0
121,00919,1.0,100.0
122,00925,1.0,100.0
123,00931,1.0,101.0
124,00937,1.0,102.0
125,00943,1.0,103.0
126,00949,1.0,104.0
127,00955,1.0,105.0
128,00961,1.0,106.0
129,00967,1.0,107.0
130,00973,1.0,106.0
131,00979,1.0,109.0
132,00985,1.1,110.0
133,00991,1.3,111.0
134,00997,1.5,112.0
135,01003,1.7000000000000002,113.0
136,01009,1.6,114.0
137,01015,1.6,115.0
138,01021,1.9,116.0
139,01027,1.9,117.0
140,01033,1.9,116.0
141,01039,2.0,120.0
142,01045,2.0,121.0
143,01051,2.0,122.0
144,01057,2.0,123.0
145,01063,2.0,124.0
146,01069,2.0,125.0
147,01075,2.0,126.0
148,01081,2.0,127.0
149,01087,2.0,126.0
150,01093,2.0,129.0
151,01099,2.0,130.0
152,01105,2.0,131.0
153,01111,2.0,132.0
154,01117,2.0,133.0
155,01123,2.0,134.0
156,01129,0.0,0.0
157,01135,0.0,0.0
158,01141,0.0,0.0
159,01147,0.0,0.0
160,01153,0.0,0.0
161,01159,0.0,0.0
162,01165,0.0,0.0
163,01171,0.0,0.0
164,01177,0.0,0.0
165,01183,0.0,0.0
166,01189,0.0,0.0
167,01195,0.0,0.0
168,01201,0.0,0.0
169,01207,0.0,0.0
170,01213,0.0,0.0
171,01219,0.0,0.0
172,01225,0.0,0.0
173,01231,0.0,0.0
174,01237,0.0,0.0
175,01243,0.0,0.0
176,01249,0.0,0.0
177,01255,0.0,0.0
178,01261,0.0,0.0
179,01267,0.0,0.0
180,01273,0.0,0.0
181,01279,0.0,0.0
182,01285,0.0,0.0
183,01291,0.0,0.0
184,01297,0.0,0.0
185,01303,0.0,0.0
186,01309,0.0,0.0
187,01315,0.0,0.0
188,01321,0.0,0.0
189,01327,0.0,0.0
190,01333,0.0,0.0
191,01339,0.0,0.0
192,01345,0.0,0.0
193,01351,0.0,0.0
194,01357,0.0,0.0
195,01363,0.0,0.0
196,01369,0.0,0.0
197,01375,0.0,0.0
198,01381,0.0,0.0
199,01387,0.0,0.0
200,01393,0.0,0.0
201,01399,0.0,0.0
202,01405,0.0,0.0
203,01411,0.0,0.0
204,01417,0.0,0.0
205,01423,0.0,0.0
206,01429,0.0,0.0
207,01435,0.0,0.0
208,01441,0.0,0.0
209,01447,0.0,0.0
210,01453,0.0,0.0
211,01459,0.0,0.0
212,01465,0.0,0.0
213,01471,0.0,0.0
214,01477,0.0,0.0
215,01483,0.0,0.0
216,01489,0.0,0.0
217,01495,0.0,0.0
218,01501,0.0,0.0
219,01507,0.0,0.0
220,01513,0.0,0.0
221,01519,0.0,0.0
222,01525,0.0,0.0
223,01531,0.0,0.0
224,01537,0.0,0.0
225,01543,0.0,0.0
226,01549,0.0,0.0
227,01555,0.0,0.0
228,01561,0.0,0.0
229,01567,0.0,0.0
230,01573,0.0,0.0
231,01579,0.0,0.0
232,01585,0.0,0.0
233,01591,0.0,0.0
234,01597,0.0,0.0
235,01603,0.0,0.0
236,01609,0.0,0.0
237,01615,0.0,0.0
238,01621,0.0,0.0
239,01627,0.0,0.0
240,01633,0.0,0.0
241,01639,0.0,0.0
242,01645,0.0,0.0
243,01651,0.0,0.0
244,01657,0.0,0.0
245,01663,0.0,0.0
246,01669,0.0,0.0
247,01675,0.0,0.0
248,01681,0.0,0.0
249,01687,0.0,0.0
250,01693,0.0,0.0
251,01699,0.0,0.0
252,01705,0.0,0.0
253,01711,0.0,0.0
254,01717,0.0,0.0
255,01723,0.0,0.0
256,01729,0.0,0.0
257,01735,0.0,0.0
258,01741,0.0,0.0
259,01747,0.0,0.0
260,01753,0.0,0.0
261,01759,0.0,0.0
262,01765,0.0,0.0
263,01771,0.0,0.0
264,01777,0.0,0.0
265,01783,0.0,0.0
266,01789,0.0,0.0
267,01795,0.0,0.0
268,01801,0.0,0.0
269,01807,0.0,0.0
270,01813,0.0,0.0
271,01819,0.0,0.0
272,01825,0.0,0.0
273,01831,0.0,0.0
274,01837,0.0,0.0
275,01843,0.0,0.0
276,01849,0.0,0.0
277,01855,0.0,0.0
278,01861,0.0,0.0
279,01867,0.0,0.0
280,01873,0.0,0.0
281,01879,0.0,0.0
282,01885,0.0,0.0
283,01891,0.0,0.0
284,01897,0.0,0.0
285,01903,0.0,0.0
286,01909,0.0,0.0
287,01915,0.0,0.0
288,01921,0.0,0.0
289,01927,0.0,0.0
290,01933,0.0,0.0
291,01939,0.0,0.0
292,01945,0.0,0.0
293,01951,0.0,0.0
294,01957,0.0,0.0
295,01963,0.0,0.0
296,01969,0.0,0.0
297,01975,0.0,0.0
298,01981,0.0,0.0
299,01987,0.0,0.0
300,01993,0.0,0.0
301,01999,0.0,0.0
302,02005,0.0,0.0
303,02011,0.0,0.0
304,02017,0.0,0.0
305,02023,0.0,0.0
306,02029,0.0,0.0
307,02035,0.0,0.0
308,02041,0.0,0.0
309,02047,0.0,0.0
310,02053,0.0,0.0
311,02059,0.0,0.0
312,02065,0.0,0.0
313,02071,0.0,0.0
314,02077,0.0,0.0
315,02083,0.0,0.0
316,02089,0.0,0.0
317,02095,0.0,0.0
318,02101,0.0,0.0
319,02107,0.0,0.0
320,02113,0.0,0.0
321,02119,0.0,0.0
322,02125,0.0,0.0
323,02131,0.0,0.0
324,02137,0.0,0.0
325,02143,0.0,0.0
326,02149,0.0,0.0
327,02155,0.0,0.0
328,02161,0.0,0.0
329,02167,0.0,0.0
330,02173,0.0,0.0
331,02179,0.0,0.0
332,02185,0.0,0.0
333,02191,0.0,0.0
334,02197,0.0,0.0
335,02203,0.0,0.0
336,02209,0.0,0.0
337,02215,0.0,0.0
338,02221,0.0,0.0
339,02227,0.0,0.0
340,02233,0.0,0.0
341,02239,0.0,0.0
342,02245,0.0,0.0
343,02251,0.0,0.0
344,02257,0.0,0.0
345,02263,0.0,0.0
346,02269,0.0,0.0
347,02275,0.0,0.0
348,02281,0.0,0.0
349,02287,0.0,0.0
350,02293,0.0,0.0
351,02299,0.0,0.0
352,02305,0.0,0.0
353,02311,0.0,0.0
354,02317,0.0,0.0
355,02323,0.0,0.0
356,02329,0.0,0.0
357,02335,0.0,0.0
358,02341,0.0,0.0
359,02347,0.0,0.0
360,02353,0.0,0.0
361,02359,0.0,0.0
362,02365,0.0,0.0
363,02371,0.0,0.0
364,02377,0.0,0.0
365,02383,0.0,0.0
366,02389,0.0,0.0
367,02395,0.0,0.0
368,02401,0.0,0.0
369,02407,0.0,0.0
370,02413,0.0,0.0
371,02419,0.0,0.0
372,02425,0.0,0.0
373,02431,0.0,0.0
374,02437,0.0,0.0
375,02443,0.0,0.0
376,02449,0.0,0.0
377,02455,0.0,0.0
378,02461,0.0,0.0
379,02467,0.0,0.0
380,02473,0.0,0.0
381,02479,0.0,0.0
382,02485,0.0,0.0
383,02491,0.0,0.0
384,02497,0.0,0.0
385,02503,0.0,0.0
386,02509,0.0,0.0
387,02515,0.0,0.0
388,02521,0.0,0.0
389,02527,0.0,0.0
390,02533,0.0,0.0
391,02539,0.0,0.0
392,02545,0.0,0.0
393,02551,0.0,0.0
394,02557,0.0,0.0
395,02563,0.0,0.0
396,02569,0.0,0.0
397,02575,0.0,0.0
398,02581,0.0,0.0
399,02587,0.0,0.0
400,02593,0.0,0.0
401,02599,0.0,0.0
402,02605,0.0,0.0
403,02611,0.0,0.0
404,02617,0.0,0.0
405,02623,0.0,0.0
406,02629,0.0,0.0
407,02635,0.0,0.0
408,02641,0.0,0.0
409,02647,0.0,0.0
410,02653,0.0,0.0
411,02659,0.0,0.0
412,02665,0.0,0.0
413,02671,0.0,0.0
414,02677,0.0,0.0
415,02683,0.0,0.0
416,02689,0.0,0.0
417,02695,0.0,0.0
418,02701,0.0,0.0
419,02707,0.0,0.0
420,02713,0.0,0.0
421,02719,0.0,0.0
422,02725,0.0,0.0
423,02731,0.0,0.0
424,02737,0.0,0.0
425,02743,0.0,0.0
426,02749,0.0,0.0
427,02755,0.0,0.0
428,02761,0.0,0.0
429,02767,0.0,0.0
430,02773,0.0,0.0
431,02779,0.0,0.0
432,02785,0.0,0.0
433,02791,0.0,0.0
434,02797,0.0,0.0
435,02803,0.0,0.0
436,02809,0.0,0.0
437,02815,0.0,0.0
438,02821,0.0,0.0
439,02827,0.0,0.0
440,02833,0.0,0.0
441,02839,0.0,0.0
442,02845,0.0,0.0
443,02851,0.0,0.0
444,02857,0.0,0.0
445,02863,0.0,0.0
446,02869,0.0,0.0
447,02875,0.0,0.0
448,02881,0.0,0.0
449,02887,0.0,0.0
450,02893,0.0,0.0
451,02899,0.0,0.0
452,02905,0.0,0.0
453,02911,0.0,0.0
454,02917,0.0,0.0
455,02923,0.0,0.0
456,02929,0.0,0.0
457,02935,0.0,0.0
458,02941,0.0,0.0
459,02947,0.0,0.0
460,02953,0.0,0.0
461,02959,0.0,0.0
462,02965,0.0,0.0
463,02971,0.0,0.0
464,02977,0.0,0.0
465,02983,0.0,0.0
466,02989,0.0,0.0
467,02995,0.0,0.0
468,03001,0.0,0.0
469,03007,0.0,0.0
470,03013,0.0,0.0
471,03019,0.0,0.0
472,03025,0.0,0.0
473,03031,0.0,0.0
474,03037,0.0,0.0
475,03043,0.0,0.0
476,03049,0.0,0.0
477,03055,0.0,0.0
478,03061,0.0,0.0
479,03067,0.0,0.0
480,03073,0.0,0.0
481,03079,0.0,0.0
482,03085,0.0,0.0
483,03091,0.0,0.0
484,03097,0.0,0.0
485,03103,0.0,0.0
486,03109,0.0,0.0
487,03115,0.0,0.0
488,03121,0.0,0.0
489,03127,0.0,0.0
490,03133,0.0,0.0
491,03139,0.0,0.0
492,03145,0.0,0.0
493,03151,0.0,0.0
494,03157,0.0,0.0
495,03163,0.0,0.0
496,03169,0.0,0.0
497,03175,0.0,0.0
498,03181,0.0,0.0
499,03187,0.0,0.0
500,03193,0.0,0.0
501,03199,0.0,0.0
502,03205,0.0,0.0
503,03211,0.0,0.0
504,03217,0.0,0.0
505,03223,0.0,0.0
506,03229,0.0,0.0
507,03235,0.0,0.0
508,03241,0.0,0.0
509,03247,0.0,0.0
510,03253,0.0,0.0
511,03259,0.0,0.0
512,03265,0.0,0.0
513,03271,0.0,0.0
514,03277,0.0,0.0
515,03283,0.0,0.0
516,03289,0.0,0.0
517,03295,0.0,0.0
518,03301,0.0,0.0
519,03307,0.0,0.0
520,03313,0.0,0.0
521,03319,0.0,0.0
522,03325,0.0,0.0
523,03331,0.0,0.0
524,03337,0.0,0.0
525,03343,0.0,0.0
526,03349,0.0,0.0
527,03355,0.0,0.0
528,03361,0.0,0.0
529,03367,0.0,0.0
530,03373,0.0,0.0
531,03379,0.0,0.0
532,03385,0.0,0.0
533,03391,0.0,0.0
534,03397,0.0,0.0
535,03403,0.0,0.0
536,03409,0.0,0.0
537,03415,0.0,0.0
538,03421,0.0,0.0
539,03427,0.0,0.0
540,03433,0.0,0.0
541,03439,0.0,0.0
542,03445,0.0,0.0
543,03451,0.0,0.0
544,03457,0.0,0.0
545,03463,0.0,0.0
546,03469,0.0,0.0
547,03475,0.0,0.0
548,03481,0.0,0.0
549,03487,0.0,0.0
550,03493,0.0,0.0
551,03499,0.0,0.0
552,03505,0.0,0.0
553,03511,0.0,0.0
554,03517,0.0,0.0
555,03523,0.0,0.0
556,03529,0.0,0.0
557,03535,0.0,0.0
558,03541,0.0,0.0
559,03547,0.0,0.0
560,03553,0.0,0.0
561,03559,0.0,0.0
562,03565,0.0,0.0
563,03571,0.0,0.0
564,03577,0.0,0.0
565,03583,0.0,0.0
566,03589,0.0,0.0
567,03595,0.0,0.0
568,03601,0.0,0.0
569,03607,0.0,0.0
570,03613,0.0,0.0
571,03619,0.0,0.0
572,03625,0.0,0.0
573,03631,0.0,0.0
574,03637,0.0,0.0
575,03643,0.0,0.0
576,03649,0.0,0.0
577,03655,0.0,0.0
578,03661,0.0,0.0
579,03667,0.0,0.0
580,03673,0.0,0.0
581,03679,0.0,0.0
582,03685,0.0,0.0
583,03691,0.0,0.0
584,03697,0.0,0.0
585,03703,0.0,0.0
586,03709,0.0,0.0
587,03715,0.0,0.0
588,03721,0.0,0.0
589,03727,0.0,0.0
590,03733,0.0,0.0
591,03739,0.0,0.0
592,03745,0.0,0.0
593,03751,0.0,0.0
594,03757,0.0,0.0
595,03763,0.0,0.0
596,03769,0.0,0.0
597,03775,0.0,0.0
598,03781,0.0,0.0
599,03787,0.0,0.0
600,03793,0.0,0.0
601,03799,0.0,0.0
602,03805,0.0,0.0
603,03811,0.0,0.0
604,03817,0.0,0.0
605,03823,0.0,0.0
606,03829,0.0,0.0
607,03835,0.0,0.0
608,03841,0.0,0.0
609,03847,0.0,0.0
610,03853,0.0,0.0
611,03859,0.0,0.0
612,03865,0.0,0.0
613,03871,0.0,0.0
614,03877,0.0,0.0
615,03883,0.0,0.0
616,03889,0.0,0.0
617,03895,0.0,0.0
618,03901,0.0,0.0
619,03907,0.0,0.0
620,03913,0.0,0.0
621,03919,0.0,0.0
622,03925,0.0,0.0
623,03931,0.0,0.0
624,03937,0.0,0.0
625,03943,0.0,0.0
626,03949,0.0,0.0
627,03955,0.0,0.0
628,03961,0.0,0.0
629,03967,0.0,0.0
630,03973,0.0,0.0
631,03979,0.0,0.0
632,03985,0.0,0.0
633,03991,0.0,0.0
634,03997,0.0,0.0
635,04003,0.0,0.0
636,04009,0.0,0.0
637,04015,0.0,0.0
638,04021,0.0,0.0
639,04027,0.0,0.0
640,04033,0.0,0.0
641,04039,0.0,0.0
642,04045,0.0,0.0
643,04051,0.0,0.0
644,04057,0.0,0.0
645,04063,0.0,0.0
646,04069,0.0,0.0
647,04075,0.0,0.0
648,04081,0.0,0.0
649,04087,0.0,0.0
650,04093,0.0,0.0
651,04099,0.0,0.0
652,04105,0.0,0.0
653,04111,0.0,0.0
654,04117,0.0,0.0
655,04123,0.0,0.0
656,04129,0.0,0.0
657,04135,0.0,0.0
658,04141,0.0,0.0
659,04147,0.0,0.0
660,04153,0.0,0.0
661,04159,0.0,0.0
662,04165,0.0,0.0
663,04171,0.0,0.0
664,04177,0.0,0.0
665,04183,0.0,0.0
666,04189,0.0,0.0
667,04195,0.0,0.0
668,04201,0.0,0.0
669,04207,0.0,0.0
670,04213,0.0,0.0
671,04219,0.0,0.0
672,04225,0.0,0.0
673,04231,0.0,0.0
674,04237,0.0,0.0
675,04243,0.0,0.0
676,04249,0.0,0.0
677,04255,0.0,0.0
678,04261,0.0,0.0
679,04267,0.0,0.0
680,04273,0.0,0.0
681,04279,0.0,0.0
682,04285,0.0,0.0
683,04291,0.0,0.0
684,04297,0.0,0.0
685,04303,0.0,0.0
686,04309,0.0,0.0
687,04315,0.0,0.0
688,04321,0.0,0.0
689,04327,0.0,0.0
690,04333,0.0,0.0
691,04339,0.0,0.0
692,04345,0.0,0.0
693,04351,0.0,0.0
694,04357,0.0,0.0
695,04363,0.0,0.0
696,04369,0.0,0.0
697,04375,0.0,0.0
698,04381,0.0,0.0
699,04387,0.0,0.0
700,04393,0.0,0.0
701,04399,0.0,0.0
702,04405,0.0,0.0
703,04411,0.0,0.0
704,04417,0.0,0.0
705,04423,0.0,0.0
706,04429,0.0,0.0
707,04435,0.0,0.0
708,04441,0.0,0.0
709,04447,0.0,0.0
710,04453,0.0,0.0
711,04459,0.0,0.0
712,04465,0.0,0.0
713,04471,0.0,0.0
714,04477,0.0,0.0
715,04483,0.0,0.0
716,04489,0.0,0.0
717,04495,0.0,0.0
718,04501,0.0,0.0
719,04507,0.0,0.0
720,04513,0.0,0.0
721,04519,0.0,0.0
722,04525,0.0,0.0
723,04531,0.0,0.0
724,04537,0.0,0.0
725,04543,0.0,0.0
726,04549,0.0,0.0
727,04555,0.0,0.0
728,04561,0.0,0.0
729,04567,0.0,0.0
730,04573,0.0,0.0
731,04579,0.0,0.0
732,04585,0.0,0.0
733,04591,0.0,0.0
734,04597,0.0,0.0
735,04603,0.0,0.0
736,04609,0.0,0.0
737,04615,0.0,0.0
738,04621,0.0,0.0
739,04627,0.0,0.0
740,04633,0.0,0.0
741,04639,0.0,0.0
742,04645,0.0,0.0
743,04651,0.0,0.0
744,04657,0.0,0.0
745,04663,0.0,0.0
746,04669,0.0,0.0
747,04675,0.0,0.0
748,04681,0.0,0.0
749,04687,0.0,0.0
750,04693,0.0,0.0
751,04699,0.0,0.0
752,04705,0.0,0.0
753,04711,0.0,0.0
754,04717,0.0,0.0
755,04723,0.0,0.0
756,04729,0.0,0.0
757,04735,0.0,0.0
758,04741,0.0,0.0
759,04747,0.0,0.0
760,04753,0.0,0.0
761,04759,0.0,0.0
762,04765,0.0,0.0
763,04771,0.0,0.0
764,04777,0.0,0.0
765,04783,0.0,0.0
766,04789,0.0,0.0
767,04795,0.0,0.0
768,04801,0.0,0.0
769,04807,0.0,0.0
770,04813,0.0,0.0
771,04819,0.0,0.0
772,04825,0.0,0.0
773,04831,0.0,0.0
774,04837,0.0,0.0
775,04843,0.0,0.0
776,04849,0.0,0.0
777,04855,0.0,0.0
778,04861,0.0,0.0
779,04867,0.0,0.0
780,04873,0.0,0.0
781,04879,0.0,0.0
782,04885,0.0,0.0
783,04891,0.0,0.0
784,04897,0.0,0.0
785,04903,0.0,0.0
786,04909,0.0,0.0
787,04915,0.0,0.0
788,04921,0.0,0.0
789,04927,0.0,0.0
790,04933,0.0,0.0
791,04939,0.0,0.0
792,04945,0.0,0.0
793,04951,0.0,0.0
794,04957,0.0,0.0
795,04963,0.0,0.0
796,04969,0.0,0.0
797,04975,0.0,0.0
798,04981,0.0,0.0
799,04987,0.0,0.0
800,04993,0.0,0.0
801,04999,0.0,0.0
802,05005,0.0,0.0
803,05011,0.0,0.0
804,05017,0.0,0.0
805,05023,0.0,0.0
806,05029,0.0,0.0
807,05035,0.0,0.0
808,05041,0.0,0.0
809,05047,0.0,0.0
810,05053,0.0,0.0
811,05059,0.0,0.0
812,05065,0.0,0.0
813,05071,0.0,0.0
814,05077,0.0,0.0
815,05083,0.0,0.0
816,05089,0.0,0.0
817,05095,0.0,0.0
818,05101,0.0,0.0
819,05107,0.0,0.0
820,05113,0.0,0.0
821,05119,0.0,0.0
822,05125,0.0,0.0
823,05131,0.0,0.0
824,05137,0.0,0.0
825,05143,0.0,0.0
826,05149,0.0,0.0
827,05155,0.0,0.0
828,05161,0.0,0.0
829,05167,0.0,0.0
830,05173,0.0,0.0
831,05179,0.0,0.0
832,05185,0.0,0.0
833,05191,0.0,0.0
834,05197,0.0,0.0
835,05203,0.0,0.0
836,05209,0.0,0.0
837,05215,0.0,0.0
838,05221,0.0,0.0
839,05227,0.0,0.0
840,05233,0.0,0.0
841,05239,0.0,0.0
842,05245,0.0,0.0
843,05251,0.0,0.0
844,05257,0.0,0.0
845,05263,0.0,0.0
846,05269,0.0,0.0
847,05275,0.0,0.0
848,05281,0.0,0.0
849,05287,0.0,0.0
850,05293,0.0,0.0
851,05299,0.0,0.0
852,05305,0.0,0.0
853,05311,0.0,0.0
854,05317,0.0,0.0
855,05323,0.0,0.0
856,05329,0.0,0.0
857,05335,0.0,0.0
858,05341,0.0,0.0
859,05347,0.0,0.0
860,05353,0.0,0.0
861,05359,0.0,0.0
862,05365,0.0,0.0
863,05371,0.0,0.0
864,05377,0.0,0.0
865,05383,0.0,0.0
866,05389,0.0,0.0
867,05395,0.0,0.0
868,05401,0.0,0.0
869,05407,0.0,0.0
870,05413,0.0,0.0
871,05419,0.0,0.0
872,05425,0.0,0.0
873,05431,0.0,0.0
874,05437,0.0,0.0
875,05443,0.0,0.0
876,05449,0.0,0.0
877,05455,0.0,0.0
878,05461,0.0,0.0
879,05467,0.0,0.0
880,05473,0.0,0.0
881,05479,0.0,0.0
882,05485,0.0,0.0
883,05491,0.0,0.0
884,05497,0.0,0.0
885,05503,0.0,0.0
886,05509,0.0,0.0
887,05515,0.0,0.0
888,05521,0.0,0.0
889,05527,0.0,0.0
890,05533,0.0,0.0
891,05539,0.0,0.0
892,05545,0.0,0.0
893,05551,0.0,0.0
894,05557,0.0,0.0
895,05563,0.0,0.0
896,05569,0.0,0.0
897,05575,0.0,0.0
898,05581,0.0,0.0
899,05587,0.0,0.0
900,05593,0.0,0.0
901,05599,0.0,0.0
902,05605,0.0,0.0
903,05611,0.0,0.0
904,05617,0.0,0.0
905,05623,0.0,0.0
906,05629,0.0,0.0
907,05635,0.0,0.0
908,05641,0.0,0.0
909,05647,0.0,0.0
910,05653,0.0,0.0
911,05659,0.0,0.0
912,05665,0.0,0.0
913,05671,0.0,0.0
914,05677,0.0,0.0
915,05683,0.0,0.0
916,05689,0.0,0.0
917,05695,0.0,0.0
918,05701,0.0,0.0
919,05707,0.0,0.0
920,05713,0.0,0.0
921,05719,0.0,0.0
922,05725,0.0,0.0
923,05731,0.0,0.0
924,05737,0.0,0.0
925,05743,0.0,0.0
926,05749,0.0,0.0
927,05755,0.0,0.0
928,05761,0.0,0.0
929,05767,0.0,0.0
930,05773,0.0,0.0
931,05779,0.0,0.0
932,05785,0.0,0.0
933,05791,0.0,0.0
934,05797,0.0,0.0
935,05803,0.0,0.0
936,05809,0.0,0.0
937,05815,0.0,0.0
938,05821,0.0,0.0
939,05827,0.0,0.0
940,05833,0.0,0.0
941,05839,0.0,0.0
942,05845,0.0,0.0
943,05851,0.0,0.0
944,05857,0.0,0.0
945,05863,0.0,0.0
946,05869,0.0,0.0
947,05875,0.0,0.0
948,05881,0.0,0.0
949,05887,0.0,0.0
950,05893,0.0,0.0
951,05899,0.0,0.0
952,05905,0.0,0.0
953,05911,0.0,0.0
954,05917,0.0,0.0
955,05923,0.0,0.0
956,05929,0.0,0.0
957,05935,0.0,0.0
958,05941,0.0,0.0
959,05947,0.0,0.0
960,05953,0.0,0.0
961,05959,0.0,0.0
962,05965,0.0,0.0
963,05971,0.0,0.0
964,05977,0.0,0.0
965,05983,0.0,0.0
966,05989,0.0,0.0
967,05995,0.0,0.0
968,06001,0.0,0.0
969,06007,0.0,0.0
970,06013,0.0,0.0
971,06019,0.0,0.0
972,06025,0.0,0.0
973,06031,0.0,0.0
974,06037,0.0,0.0
975,06043,0.0,0.0
976,06049,0.0,0.0
977,06055,0.0,0.0
978,06061,0.0,0.0
979,06067,0.0,0.0
980,06073,0.0,0.0
981,06079,0.0,0.0
982,06085,0.0,0.0
983,06091,0.0,0.0
984,06097,0.0,0.0
985,06103,0.0,0.0
986,06109,0.0,0.0
987,06115,0.0,0.0
988,06121,0.0,0.0
989,06127,0.0,0.0
990,06133,0.0,0.0
991,06139,0.0,0.0
992,06145,0.0,0.0
993,06151,0.0,0.0
994,06157,0.0,0.0
995,06163,0.0,0.0
996,06169,0.0,0.0
997,06175,0.0,0.0
998,06181,0.0,0.0
999,06187,0.0,0.0
1000,06193,0.0,0.0
1001,06199,0.0,0.0
1002,06205,0.0,0.0
1003,06211,0.0,0.0
1004,06217,0.0,0.0
1005,06223,0.0,0.0
1006,06229,0.0,0.0
1007,06235,0.0,0.0
1008,06241,0.0,0.0
1009,06247,0.0,0.0
1010,06253,0.0,0.0
1011,06259,0.0,0.0
1012,06265,0.0,0.0
1013,06271,0.0,0.0
1014,06277,0.0,0.0
1015,06283,0.0,0.0
1016,06289,0.0,0.0
1017,06295,0.0,0.0
1018,06301,0.0,0.0
1019,06307,0.0,0.0
1020,06313,0.0,0.0
1021,06319,0.0,0.0
1022,06325,0.0,0.0
1023,06331,0.0,0.0
1024,06337,0.0,0.0
1025,06343,0.0,0.0
1026,06349,0.0,0.0
1027,06355,0.0,0.0
1028,06361,0.0,0.0
1029,06367,0.0,0.0
1030,06373,0.0,0.0
1031,06379,0.0,0.0
1032,06385,0.0,0.0
1033,06391,0.0,0.0
1034,06397,0.0,0.0
1035,06403,0.0,0.0
1036,06409,0.0,0.0
1037,06415,0.0,0.0
1038,06421,0.0,0.0
1039,06427,0.0,0.0
1040,06433,0.0,0.0
1041,06439,0.0,0.0
1042,06445,0.0,0.0
1043,06451,0.0,0.0
1044,06457,0.0,0.0
1045,06463,0.0,0.0
1046,06469,0.0,0.0
1047,06475,0.0,0.0
1048,06481,0.0,0.0
1049,06487,0.0,0.0
1050,06493,0.0,0.0
1051,06499,0.0,0.0
1052,06505,0.0,0.0
1053,06511,0.0,0.0
1054,06517,0.0,0.0
1055,06523,0.0,0.0
1056,06529,0.0,0.0
1057,06535,0.0,0.0
1058,06541,0.0,0.0
1059,06547,0.0,0.0
1060,06553,0.0,0.0
1061,06559,0.0,0.0
1062,06565,0.0,0.0
1063,06571,0.0,0.0
1064,06577,0.0,0.0
1065,06583,0.0,0.0
1066,06589,0.0,0.0
1067,06595,0.0,0.0
1068,06601,0.0,0.0
1069,06607,0.0,0.0
1070,06613,0.0,0.0
1071,06619,0.0,0.0
1072,06625,0.0,0.0
1073,06631,0.0,0.0
1074,06637,0.0,0.0
1075,06643,0.0,0.0
1076,06649,0.0,0.0
1077,06655,0.0,0.0
1078,06661,0.0,0.0
1079,06667,0.0,0.0
1080,06673,0.0,0.0
1081,06679,0.0,0.0
1082,06685,0.0,0.0
1083,06691,0.0,0.0
1084,06697,0.0,0.0
1085,06703,0.0,0.0
1086,06709,0.0,0.0
1087,06715,0.0,0.0
1088,06721,0.0,0.0
1089,06727,0.0,0.0
1090,06733,0.0,0.0
1091,06739,0.0,0.0
1092,06745,0.0,0.0
1093,06751,0.0,0.0
1094,06757,0.0,0.0
1095,06763,0.0,0.0
1096,06769,0.0,0.0
1097,06775,0.0,0.0
1098,06781,0.0,0.0
1099,06787,0.0,0.0
1100,06793,0.0,0.0
1101,06799,0.0,0.0
1102,06805,0.0,0.0
1103,06811,0.0,0.0
1104,06817,0.0,0.0
1105,06823,0.0,0.0
1106,06829,0.0,0.0
1107,06835,0.0,0.0
1108,06841,0.0,0.0
1109,06847,0.0,0.0
1110,06853,0.0,0.0
1111,06859,0.0,0.0
1112,06865,0.0,0.0
1113,06871,0.0,0.0
1114,06877,0.0,0.0
1115,06883,0.0,0.0
1116,06889,0.0,0.0
1117,06895,0.0,0.0
1118,06901,0.0,0.0
1119,06907,0.0,0.0
1120,06913,0.0,0.0
1121,06919,0.0,0.0
1122,06925,0.0,0.0
1123,06931,0.0,0.0
1124,06937,0.0,0.0
1125,06943,0.0,0.0
1126,06949,0.0,0.0
1127,06955,0.0,0.0
1128,06961,0.0,0.0
1129,06967,0.0,0.0
1130,06973,0.0,0.0
1131,06979,0.0,0.0
1132,06985,0.0,0.0
1133,06991,0.0,0.0
1134,06997,0.0,0.0
1135,07003,0.0,0.0
1136,07009,0.0,0.0
1137,07015,0.0,0.0
1138,07021,0.0,0.0
1139,07027,0.0,0.0
1140,07033,0.0,0.0
1141,07039,0.0,0.0
1142,07045,0.0,0.0
1143,07051,0.0,0.0
1144,07057,0.0,0.0
1145,07063,0.0,0.0
1146,07069,0.0,0.0
1147,07075,0.0,0.0
1148,07081,0.0,0.0
1149,07087,0.0,0.0
1150,07093,0.0,0.0
1151,07099,0.0,0.0
1152,07105,0.0,0.0
1153,07111,0.0,0.0
1154,07117,0.0,0.0
1155,07123,0.0,0.0
1156,07129,0.0,0.0
1157,07135,0.0,0.0
1158,07141,0.0,0.0
1159,07147,0.0,0.0
1160,07153,0.0,0.0
1161,07159,0.0,0.0
1162,07165,0.0,0.0
1163,07171,0.0,0.0
1164,07177,0.0,0.0
1165,07183,0.0,0.0
1166,07189,0.0,0.0
1167,07195,0.0,0.0
1168,07201,0.0,0.0
1169,07207,0.0,0.0
1170,07213,0.0,0.0
1171,07219,0.0,0.0
1172,07225,0.0,0.0
1173,07231,0.0,0.0
1174,07237,0.0,0.0
1175,07243,0.0,0.0
1176,07249,0.0,0.0
1177,07255,0.0,0.0
1178,07261,0.0,0.0
1179,07267,0.0,0.0
1180,07273,0.0,0.0
1181,07279,0.0,0.0
1182,07285,0.0,0.0
1183,07291,0.0,0.0
1184,07297,0.0,0.0
1185,07303,0.0,0.0
1186,07309,0.0,0.0
1187,07315,0.0,0.0
1188,07321,0.0,0.0
1189,07327,0.0,0.0
1190,07333,0.0,0.0
1191,07339,0.0,0.0
1192,07345,0.0,0.0
1193,07351,0.0,0.0
1194,07357,0.0,0.0
1195,07363,0.0,0.0
1196,07369,0.0,0.0
1197,07375,0.0,0.0
1198,07381,0.0,0.0
1199,07387,0.0,0.0
1200,07393,0.0,0.0
1201,07399,0.0,0.0
1202,07405,0.0,0.0
1203,07411,0.0,0.0
1204,07417,0.0,0.0
1205,07423,0.0,0.0
1206,07429,0.0,0.0
1207,07435,0.0,0.0
1208,07441,0.0,0.0
1209,07447,0.0,0.0
1210,07453,0.0,0.0
1211,07459,0.0,0.0
1212,07465,0.0,0.0
1213,07471,0.0,0.0
1214,07477,0.0,0.0
1215,07483,0.0,0.0
1216,07489,0.0,0.0
1217,07495,0.0,0.0
1218,07501,0.0,0.0
1219,07507,0.0,0.0
1220,07513,0.0,0.0
1221,07519,0.0,0.0
1222,07525,0.0,0.0
1223,07531,0.0,0.0
1224,07537,0.0,0.0
1225,07543,0.0,0.0
1226,07549,0.0,0.0
1227,07555,0.0,0.0
1228,07561,0.0,0.0
1229,07567,0.0,0.0
1230,07573,0.0,0.0
1231,07579,0.0,0.0
1232,07585,0.0,0.0
1233,07591,0.0,0.0
1234,07597,0.0,0.0
1235,07603,0.0,0.0
1236,07609,0.0,0.0
1237,07615,0.0,0.0
1238,07621,0.0,0.0
1239,07627,0.0,0.0
1240,07633,0.0,0.0
1241,07639,0.0,0.0
1242,07645,0.0,0.0
1243,07651,0.0,0.0
1244,07657,0.0,0.0
1245,07663,0.0,0.0
1246,07669,0.0,0.0
1247,07675,0.0,0.0
1248,07681,0.0,0.0
1249,07687,0.0,0.0
1250,07693,0.0,0.0
1251,07699,0.0,0.0
1252,07705,0.0,0.0
1253,07711,0.0,0.0
1254,07717,0.0,0.0
1255,07723,0.0,0.0
1256,07729,0.0,0.0
1257,07735,0.0,0.0
1258,07741,0.0,0.0
1259,07747,0.0,0.0
1260,07753,0.0,0.0
1261,07759,0.0,0.0
1262,07765,0.0,0.0
1263,07771,0.0,0.0
1264,07777,0.0,0.0
1265,07783,0.0,0.0
1266,07789,0.0,0.0
1267,07795,0.0,0.0
1268,07801,0.0,0.0
1269,07807,0.0,0.0
1270,07813,0.0,0.0
1271,07819,0.0,0.0
1272,07825,0.0,0.0
1273,07831,0.0,0.0
1274,07837,0.0,0.0
1275,07843,0.0,0.0
1276,07849,0.0,0.0
1277,07855,0.0,0.0
1278,07861,0.0,0.0
1279,07867,0.0,0.0
1280,07873,0.0,0.0
1281,07879,0.0,0.0
1282,07885,0.0,0.0
1283,07891,0.0,0.0
1284,07897,0.0,0.0
1285,07903,0.0,0.0
1286,07909,0.0,0.0
1287,07915,0.0,0.0
1288,07921,0.0,0.0
1289,07927,0.0,0.0
1290,07933,0.0,0.0
1291,07939,0.0,0.0
1292,07945,0.0,0.0
1293,07951,0.0,0.0
1294,07957,0.0,0.0
1295,07963,0.0,0.0
1296,07969,0.0,0.0
1297,07975,0.0,0.0
1298,07981,0.0,0.0
1299,07987,0.0,0.0
1300,07993,0.0,0.0
1301,07999,0.0,0.0
1302,08005,0.0,0.0
1303,08011,0.0,0.0
1304,08017,0.0,0.0
1305,08023,0.0,0.0
1306,08029,0.0,0.0
1307,08035,0.0,0.0
1308,08041,0.0,0.0
1309,08047,0.0,0.0
1310,08053,0.0,0.0
1311,08059,0.0,0.0
1312,08065,0.0,0.0
1313,08071,0.0,0.0
1314,08077,0.0,0.0
1315,08083,0.0,0.0
1316,08089,0.0,0.0
1317,08095,0.0,0.0
1318,08101,0.0,0.0
1319,08107,0.0,0.0
1320,08113,0.0,0.0
1321,08119,0.0,0.0
1322,08125,0.0,0.0
1323,08131,0.0,0.0
1324,08137,0.0,0.0
1325,08143,0.0,0.0
1326,08149,0.0,0.0
1327,08155,0.0,0.0
1328,08161,0.0,0.0
1329,08167,0.0,0.0
1330,08173,0.0,0.0
1331,08179,0.0,0.0
1332,08185,0.0,0.0
1333,08191,0.0,0.0
1334,08197,0.0,0.0
1335,08203,0.0,0.0
1336,08209,0.0,0.0
1337,08215,0.0,0.0
1338,08221,0.0,0.0
1339,08227,0.0,0.0
1340,08233,0.0,0.0
1341,08239,0.0,0.0
1342,08245,0.0,0.0
1343,08251,0.0,0.0
1344,08257,0.0,0.0
1345,08263,0.0,0.0
1346,08269,0.0,0.0
1347,08275,0.0,0.0
1348,08281,0.0,0.0
1349,08287,0.0,0.0
1350,08293,0.0,0.0
1351,08299,0.0,0.0
1352,08305,0.0,0.0
1353,08311,0.0,0.0
1354,08317,0.0,0.0
1355,08323,0.0,0.0
1356,08329,0.0,0.0
1357,08335,0.0,0.0
1358,08341,0.0,0.0
1359,08347,0.0,0.0
1360,08353,0.0,0.0
1361,08359,0.0,0.0
1362,08365,0.0,0.0
1363,08371,0.0,0.0
1364,08377,0.0,0.0
1365,08383,0.0,0.0
1366,08389,0.0,0.0
1367,08395,0.0,0.0
1368,08401,0.0,0.0
1369,08407,0.0,0.0
1370,08413,0.0,0.0
1371,08419,0.0,0.0
1372,08425,0.0,0.0
1373,08431,0.0,0.0
1374,08437,0.0,0.0
1375,08443,0.0,0.0
1376,08449,0.0,0.0
1377,08455,0.0,0.0
1378,08461,0.0,0.0
1379,08467,0.0,0.0
1380,08473,0.0,0.0
1381,08479,0.0,0.0
1382,08485,0.0,0.0
1383,08491,0.0,0.0
1384,08497,0.0,0.0
1385,08503,0.0,0.0
1386,08509,0.0,0.0
1387,08515,0.0,0.0
1388,08521,0.0,0.0
1389,08527,0.0,0.0
1390,08533,0.0,0.0
1391,08539,0.0,0.0
1392,08545,0.0,0.0
1393,08551,0.0,0.0
1394,08557,0.0,0.0
1395,08563,0.0,0.0
1396,08569,0.0,0.0
1397,08575,0.0,0.0
1398,08581,0.0,0.0
1399,08587,0.0,0.0
1400,08593,0.0,0.0
1401,08599,0.0,0.0
1402,08605,0.0,0.0
1403,08611,0.0,0.0
1404,08617,0.0,0.0
1405,08623,0.0,0.0
1406,08629,0.0,0.0
1407,08635,0.0,0.0
1408,08641,0.0,0.0
1409,08647,0.0,0.0
1410,08653,0.0,0.0
1411,08659,0.0,0.0
1412,08665,0.0,0.0
1413,08671,0.0,0.0
1414,08677,0.0,0.0
1415,08683,0.0,0.0
1416,08689,0.0,0.0
1417,08695,0.0,0.0
1418,08701,0.0,0.0
1419,08707,0.0,0.0
1420,08713,0.0,0.0
1421,08719,0.0,0.0
1422,08725,0.0,0.0
1423,08731,0.0,0.0
1424,08737,0.0,0.0
1425,08743,0.0,0.0
1426,08749,0.0,0.0
1427,08755,0.0,0.0
1428,08761,0.0,0.0
1429,08767,0.0,0.0
1430,08773,0.0,0.0
1431,08779,0.0,0.0
1432,08785,0.0,0.0
1433,08791,0.0,0.0
1434,08797,0.0,0.0
1435,08803,0.0,0.0
1436,08809,0.0,0.0
1437,08815,0.0,0.0
1438,08821,0.0,0.0
1439,08827,0.0,0.0
1440,08833,0.0,0.0
1441,08839,0.0,0.0
1442,08845,0.0,0.0
1443,08851,0.0,0.0
1444,08857,0.0,0.0
1445,08863,0.0,0.0
1446,08869,0.0,0.0
1447,08875,0.0,0.0
1448,08881,0.0,0.0
1449,08887,0.0,0.0
1450,08893,0.0,0.0
1451,08899,0.0,0.0
1452,08905,0.0,0.0
1453,08911,0.0,0.0
1454,08917,0.0,0.0
1455,08923,0.0,0.0
1456,08929,0.0,0.0
1457,08935,0.0,0.0
1458,08941,0.0,0.0
1459,08947,0.0,0.0
1460,08953,0.0,0.0
1461,08959,0.0,0.0
1462,08965,0.0,0.0
1463,08971,0.0,0.0
1464,08977,0.0,0.0
1465,08983,0.0,0.0
1466,08989,0.0,0.0
1467,08995,0.0,0.0
1468,09001,0.0,0.0
1469,09007,0.0,0.0
1470,09013,0.0,0.0
1471,09019,0.0,0.0
1472,09025,0.0,0.0
1473,09031,0.0,0.0
1474,09037,0.0,0.0
1475,09043,0.0,0.0
1476,09049,0.0,0.0
1477,09055,0.0,0.0
1478,09061,0.0,0.0
1479,09067,0.0,0.0
1480,09073,0.0,0.0
1481,09079,0.0,0.0
1482,09085,0.0,0.0
1483,09091,0.0,0.0
1484,09097,0.0,0.0
1485,09103,0.0,0.0
1486,09109,0.0,0.0
1487,09115,0.0,0.0
1488,09121,0.0,0.0
1489,09127,0.0,0.0
1490,09133,0.0,0.0
1491,09139,0.0,0.0
1492,09145,0.0,0.0
1493,09151,0.0,0.0
1494,09157,0.0,0.0
1495,09163,0.0,0.0
1496,09169,0.0,0.0
1497,09175,0.0,0.0
1498,09181,0.0,0.0
1499,09187,0.0,0.0
1500,09193,0.0,0.0
1501,09199,0.0,0.0
1502,09205,0.0,0.0
1503,09211,0.0,0.0
1504,09217,0.0,0.0
1505,09223,0.0,0.0
1506,09229,0.0,0.0
1507,09235,0.0,0.0
1508,09241,0.0,0.0
1509,09247,0.0,0.0
1510,09253,0.0,0.0
1511,09259,0.0,0.0
1512,09265,0.0,0.0
1513,09271,0.0,0.0
1514,09277,0.0,0.0
1515,09283,0.0,0.0
1516,09289,0.0,0.0
1517,09295,0.0,0.0
1518,09301,0.0,0.0
1519,09307,0.0,0.0
1520,09313,0.0,0.0
1521,09319,0.0,0.0
1522,09325,0.0,0.0
1523,09331,0.0,0.0
1524,09337,0.0,0.0
1525,09343,0.0,0.0
1526,09349,0.0,0.0
1527,09355,0.0,0.0
1528,09361,0.0,0.0
1529,09367,0.0,0.0
1530,09373,0.0,0.0
1531,09379,0.0,0.0
1532,09385,0.0,0.0
1533,09391,0.0,0.0
1534,09397,0.0,0.0
1535,09403,0.0,0.0
1536,09409,0.0,0.0
1537,09415,0.0,0.0
1538,09421,0.0,0.0
1539,09427,0.0,0.0
1540,09433,0.0,0.0
1541,09439,0.0,0.0
1542,09445,0.0,0.0
1543,09451,0.0,0.0
1544,09457,0.0,0.0
1545,09463,0.0,0.0
1546,09469,0.0,0.0
1547,09475,0.0,0.0
1548,09481,0.0,0.0
1549,09487,0.0,0.0
1550,09493,0.0,0.0
1551,09499,0.0,0.0
1552,09505,0.0,0.0
1553,09511,0.0,0.0
1554,09517,0.0,0.0
1555,09523,0.0,0.0
1556,09529,0.0,0.0
1557,09535,0.0,0.0
1558,09541,0.0,0.0
1559,09547,0.0,0.0
1560,09553,0.0,0.0
1561,09559,0.0,0.0
1562,09565,0.0,0.0
1563,09571,0.0,0.0
1564,09577,0.0,0.0
1565,09583,0.0,0.0
1566,09589,0.0,0.0
1567,09595,0.0,0.0
1568,09601,0.0,0.0
1569,09607,0.0,0.0
1570,09613,0.0,0.0
1571,09619,0.0,0.0
1572,09625,0.0,0.0
1573,09631,0.0,0.0
1574,09637,0.0,0.0
1575,09643,0.0,0.0
1576,09649,0.0,0.0
1577,09655,0.0,0.0
1578,09661,0.0,0.0
1579,09667,0.0,0.0
1580,09673,0.0,0.0
1581,09679,0.0,0.0
1582,09685,0.0,0.0
1583,09691,0.0,0.0
1584,09697,0.0,0.0
1585,09703,0.0,0.0
1586,09709,0.0,0.0
1587,09715,0.0,0.0
1588,09721,0.0,0.0
1589,09727,0.0,0.0
1590,09733,0.0,0.0
1591,09739,0.0,0.0
1592,09745,0.0,0.0
1593,09751,0.0,0.0
1594,09757,0.0,0.0
1595,09763,0.0,0.0
1596,09769,0.0,0.0
1597,09775,0.0,0.0
1598,09781,0.0,0.0
1599,09787,0.0,0.0
1600,09793,0.0,0.0
1601,09799,0.0,0.0
1602,09805,0.0,0.0
1603,09811,0.0,0.0
1604,09817,0.0,0.0
1605,09823,0.0,0.0
1606,09829,0.0,0.0
1607,09835,0.0,0.0
1608,09841,0.0,0.0
1609,09847,0.0,0.0
1610,09853,0.0,0.0
1611,09859,0.0,0.0
1612,09865,0.0,0.0
1613,09871,0.0,0.0
1614,09877,0.0,0.0
1615,09883,0.0,0.0
1616,09889,0.0,0.0
1617,09895,0.0,0.0
1618,09901,0.0,0.0
1619,09907,0.0,0.0
1620,09913,0.0,0.0
1621,09919,0.0,0.0
1622,09925,0.0,0.0
1623,09931,0.0,0.0
1624,09937,0.0,0.0
1625,09943,0.0,0.0
1626,09949,0.0,0.0
1627,09955,0.0,0.0
1628,09961,0.0,0.0
1629,09967,0.0,0.0
1630,09973,0.0,0.0
1631,09979,0.0,0.0
1632,09985,0.0,0.0
1633,09991,0.0,0.0
1634,09997,0.0,0.0
1635,10003,0.0,0.0
1636,10009,0.0,0.0
1637,10015,0.0,0.0
1638,10021,0.0,0.0
1639,10027,0.0,0.0
1640,10033,0.0,0.0
1641,10039,0.0,0.0
1642,10045,0.0,0.0
1643,10051,0.0,0.0
1644,10057,0.0,0.0
1645,10063,0.0,0.0
1646,10069,0.0,0.0
1647,10075,0.0,0.0
1648,10081,0.0,0.0
1649,10087,0.0,0.0
1650,10093,0.0,0.0
1651,10099,0.0,0.0
1652,10105,0.0,0.0
1653,10111,0.0,0.0
1654,10117,0.0,0.0
1655,10123,0.0,0.0
1656,10129,0.0,0.0
1657,10135,0.0,0.0
1658,10141,0.0,0.0
1659,10147,0.0,0.0
1660,10153,0.0,0.0
1661,10159,0.0,0.0
1662,10165,0.0,0.0
1663,10171,0.0,0.0
1664,10177,0.0,0.0
1665,10183,0.0,0.0
1666,10189,0.0,0.0
1667,10195,0.0,0.0
1668,10201,0.0,0.0
1669,10207,0.0,0.0
1670,10213,0.0,0.0
1671,10219,0.0,0.0
1672,10225,0.0,0.0
1673,10231,0.0,0.0
1674,10237,0.0,0.0
1675,10243,0.0,0.0
1676,10249,0.0,0.0
1677,10255,0.0,0.0
1678,10261,0.0,0.0
1679,10267,0.0,0.0
1680,10273,0.0,0.0
1681,10279,0.0,0.0
1682,10285,0.0,0.0
1683,10291,0.0,0.0
1684,10297,0.0,0.0
1685,10303,0.0,0.0
1686,10309,0.0,0.0
1687,10315,0.0,0.0
1688,10321,0.0,0.0
1689,10327,0.0,0.0
1690,10333,0.0,0.0
1691,10339,0.0,0.0
1692,10345,0.0,0.0
1693,10351,0.0,0.0
1694,10357,0.0,0.0
1695,10363,0.0,0.0
1696,10369,0.0,0.0
1697,10375,0.0,0.0
1698,10381,0.0,0.0
1699,10387,0.0,0.0
1700,10393,0.0,0.0
1701,10399,0.0,0.0
1702,10405,0.0,0.0
1703,10411,0.0,0.0
1704,10417,0.0,0.0
1705,10423,0.0,0.0
1706,10429,0.0,0.0
1707,10435,0.0,0.0
1708,10441,0.0,0.0
1709,10447,0.0,0.0
1710,10453,0.0,0.0
1711,10459,0.0,0.0
1712,10465,0.0,0.0
1713,10471,0.0,0.0
1714,10477,0.0,0.0
1715,10483,0.0,0.0
1716,10489,0.0,0.0
1717,10495,0.0,0.0
1718,10501,0.0,0.0
1719,10507,0.0,0.0
1720,10513,0.0,0.0
1721,10519,0.0,0.0
1722,10525,0.0,0.0
1723,10531,0.0,0.0
1724,10537,0.0,0.0
1725,10543,0.0,0.0
1726,10549,0.0,0.0
1727,10555,0.0,0.0
1728,10561,0.0,0.0
1729,10567,0.0,0.0
1730,10573,0.0,0.0
1731,10579,0.0,0.0
1732,10585,0.0,0.0
1733,10591,0.0,0.0
1734,10597,0.0,0.0
1735,10603,0.0,0.0
1736,10609,0.0,0.0
1737,10615,0.0,0.0
1738,10621,0.0,0.0
1739,10627,0.0,0.0
1740,10633,0.0,0.0
1741,10639,0.0,0.0
1742,10645,0.0,0.0
1743,10651,0.0,0.0
1744,10657,0.0,0.0
1745,10663,0.0,0.0
1746,10669,0.0,0.0
1747,10675,0.0,0.0
1748,10681,0.0,0.0
1749,10687,0.0,0.0
1750,10693,0.0,0.0
1751,10699,0.0,0.0
1752,10705,0.0,0.0
1753,10711,0.0,0.0
1754,10717,0.0,0.0
1755,10723,0.0,0.0
1756,10729,0.0,0.0
1757,10735,0.0,0.0
1758,10741,0.0,0.0
1759,10747,0.0,0.0
1760,10753,0.0,0.0
1761,10759,0.0,0.0
1762,10765,0.0,0.0
1763,10771,0.0,0.0
1764,10777,0.0,0.0
1765,10783,0.0,0.0
1766,10789,0.0,0.0
1767,10795,0.0,0.0
1768,10801,0.0,0.0
1769,10807,0.0,0.0
1770,10813,0.0,0.0
1771,10819,0.0,0.0
1772,10825,0.0,0.0
1773,10831,0.0,0.0
1774,10837,0.0,0.0
1775,10843,0.0,0.0
1776,10849,0.0,0.0
1777,10855,0.0,0.0
1778,10861,0.0,0.0
1779,10867,0.0,0.0
1780,10873,0.0,0.0
1781,10879,0.0,0.0
1782,10885,0.0,0.0
1783,10891,0.0,0.0
1784,10897,0.0,0.0
1785,10903,0.0,0.0
1786,10909,0.0,0.0
1787,10915,0.0,0.0
1788,10921,0.0,0.0
1789,10927,0.0,0.0
1790,10933,0.0,0.0
1791,10939,0.0,0.0
1792,10945,0.0,0.0
1793,10951,0.0,0.0
1794,10957,0.0,0.0
1795,10963,0.0,0.0
1796,10969,0.0,0.0
1797,10975,0.0,0.0
1798,10981,0.0,0.0
1799,10987,0.0,0.0
1800,10993,0.0,0.0
1801,10999,0.0,0.0
1802,11005,0.0,0.0
1803,11011,0.0,0.0
1804,11017,0.0,0.0
1805,11023,0.0,0.0
1806,11029,0.0,0.0
1807,11035,0.0,0.0
1808,11041,0.0,0.0
1809,11047,0.0,0.0
1810,11053,0.0,0.0
1811,11059,0.0,0.0
1812,11065,0.0,0.0
1813,11071,0.0,0.0
1814,11077,0.0,0.0
1815,11083,0.0,0.0
1816,11089,0.0,0.0
1817,11095,0.0,0.0
1818,11101,0.0,0.0
1819,11107,0.0,0.0
1820,11113,0.0,0.0
1821,11119,0.0,0.0
1822,11125,0.0,0.0
1823,11131,0.0,0.0
1824,11137,0.0,0.0
1825,11143,0.0,0.0
1826,11149,0.0,0.0
1827,11155,0.0,0.0
1828,11161,0.0,0.0
1829,11167,0.0,0.0
1830,11173,0.0,0.0
1831,11179,0.0,0.0
1832,11185,0.0,0.0
1833,11191,0.0,0.0
1834,11197,0.0,0.0
1835,11203,0.0,0.0
1836,11209,0.0,0.0
1837,11215,0.0,0.0
1838,11221,0.0,0.0
1839,11227,0.0,0.0
1840,11233,0.0,0.0
1841,11239,0.0,0.0
1842,11245,0.0,0.0
1843,11251,0.0,0.0
1844,11257,0.0,0.0
1845,11263,0.0,0.0
1846,11269,0.0,0.0
1847,11275,0.0,0.0
1848,11281,0.0,0.0
1849,11287,0.0,0.0
1850,11293,0.0,0.0
1851,11299,0.0,0.0
1852,11305,0.0,0.0
1853,11311,0.0,0.0
1854,11317,0.0,0.0
1855,11323,0.0,0.0
1856,11329,0.0,0.0
1857,11335,0.0,0.0
1858,11341,0.0,0.0
1859,11347,0.0,0.0
1860,11353,0.0,0.0
1861,11359,0.0,0.0
1862,11365,0.0,0.0
1863,11371,0.0,0.0
1864,11377,0.0,0.0
1865,11383,0.0,0.0
1866,11389,0.0,0.0
1867,11395,0.0,0.0
1868,11401,0.0,0.0
1869,11407,0.0,0.0
1870,11413,0.0,0.0
1871,11419,0.0,0.0
1872,11425,0.0,0.0
1873,11431,0.0,0.0
1874,11437,0.0,0.0
1875,11443,0.0,0.0
1876,11449,0.0,0.0
1877,11455,0.0,0.0
1878,11461,0.0,0.0
1879,11467,0.0,0.0
1880,11473,0.0,0.0
1881,11479,0.0,0.0
1882,11485,0.0,0.0
1883,11491,0.0,0.0
1884,11497,0.0,0.0
1885,11503,0.0,0.0
1886,11509,0.0,0.0
1887,11515,0.0,0.0
1888,11521,0.0,0.0
1889,11527,0.0,0.0
1890,11533,0.0,0.0
1891,11539,0.0,0.0
1892,11545,0.0,0.0
1893,11551,0.0,0.0
1894,11557,0.0,0.0
1895,11563,0.0,0.0
1896,11569,0.0,0.0
1897,11575,0.0,0.0
1898,11581,0.0,0.0
1899,11587,0.0,0.0
1900,11593,0.0,0.0
1901,11599,0.0,0.0
1902,11605,0.0,0.0
1903,11611,0.0,0.0
1904,11617,0.0,0.0
1905,11623,0.0,0.0
1906,11629,0.0,0.0
1907,11635,0.0,0.0
1908,11641,0.0,0.0
1909,11647,0.0,0.0
1910,11653,0.0,0.0
1911,11659,0.0,0.0
1912,11665,0.0,0.0
1913,11671,0.0,0.0
1914,11677,0.0,0.0
1915,11683,0.0,0.0
1916,11689,0.0,0.0
1917,11695,0.0,0.0
1918,11701,0.0,0.0
1919,11707,0.0,0.0
1920,11713,0.0,0.0
1921,11719,0.0,0.0
1922,11725,0.0,0.0
1923,11731,0.0,0.0
1924,11737,0.0,0.0
1925,11743,0.0,0.0
1926,11749,0.0,0.0
1927,11755,0.0,0.0
1928,11761,0.0,0.0
1929,11767,0.0,0.0
1930,11773,0.0,0.0
1931,11779,0.0,0.0
1932,11785,0.0,0.0
1933,11791,0.0,0.0
1934,11797,0.0,0.0
1935,11803,0.0,0.0
1936,11809,0.0,0.0
1937,11815,0.0,0.0
1938,11821,0.0,0.0
1939,11827,0.0,0.0
1940,11833,0.0,0.0
1941,11839,0.0,0.0
1942,11845,0.0,0.0
1943,11851,0.0,0.0
1944,11857,0.0,0.0
1945,11863,0.0,0.0
1946,11869,0.0,0.0
1947,11875,0.0,0.0
1948,11881,0.0,0.0
1949,11887,0.0,0.0
1950,11893,0.0,0.0
1951,11899,0.0,0.0
1952,11905,0.0,0.0
1953,11911,0.0,0.0
1954,11917,0.0,0.0
1955,11923,0.0,0.0
1956,11929,0.0,0.0
1957,11935,0.0,0.0
1958,11941,0.0,0.0
1959,11947,0.0,0.0
1960,11953,0.0,0.0
1961,11959,0.0,0.0
1962,11965,0.0,0.0
1963,11971,0.0,0.0
1964,11977,0.0,0.0
1965,11983,0.0,0.0
1966,11989,0.0,0.0
1967,11995,0.0,0.0
1968,12001,0.0,0.0
1969,12007,0.0,0.0
1970,12013,0.0,0.0
1971,12019,0.0,0.0
1972,12025,0.0,0.0
1973,12031,0.0,0.0
1974,12037,0.0,0.0
1975,12043,0.0,0.0
1976,12049,0.0,0.0
1977,12055,0.0,0.0
1978,12061,0.0,0.0
1979,12067,0.0,0.0
1980,12073,0.0,0.0
1981,12079,0.0,0.0
1982,12085,0.0,0.0
1983,12091,0.0,0.0
1984,12097,0.0,0.0
1985,12103,0.0,0.0
1986,12109,0.0,0.0
1987,12115,0.0,0.0
1988,12121,0.0,0.0
1989,12127,0.0,0.0
1990,12133,0.0,0.0
1991,12139,0.0,0.0
1992,12145,0.0,0.0
1993,12151,0.0,0.0
1994,12157,0.0,0.0
1995,12163,0.0,0.0
1996,12169,0.0,0.0
1997,12175,0.0,0.0
1998,12181,0.0,0.0
1999,12187,0.0,0.0
2000,12193,0.0,0.0
2001,12199,0.0,0.0
2002,12205,0.0,0.0
2003,12211,0.0,0.0
2004,12217,0.0,0.0
2005,12223,0.0,0.0
2006,12229,0.0,0.0
2007,12235,0.0,0.0
2008,12241,0.0,0.0
2009,12247,0.0,0.0
2010,12253,0.0,0.0
2011,12259,0.0,0.0
2012,12265,0.0,0.0
2013,12271,0.0,0.0
2014,12277,0.0,0.0
2015,12283,0.0,0.0
2016,12289,0.0,0.0
2017,12295,0.0,0.0
2018,12301,0.0,0.0
2019,12307,0.0,0.0
2020,12313,0.0,0.0
2021,12319,0.0,0.0
2022,12325,0.0,0.0
2023,12331,0.0,0.0
2024,12337,0.0,0.0
2025,12343,0.0,0.0
2026,12349,0.0,0.0
2027,12355,0.0,0.0
2028,12361,0.0,0.0
2029,12367,0.0,0.0
2030,12373,0.0,0.0
2031,12379,0.0,0.0
2032,12385,0.0,0.0
2033,12391,0.0,0.0
2034,12397,0.0,0.0
2035,12403,0.0,0.0
2036,12409,0.0,0.0
2037,12415,0.0,0.0
2038,12421,0.0,0.0
2039,12427,0.0,0.0
2040,12433,0.0,0.0
2041,12439,0.0,0.0
2042,12445,0.0,0.0
2043,12451,0.0,0.0
2044,12457,0.0,0.0
2045,12463,0.0,0.0
2046,12469,0.0,0.0
2047,12475,0.0,0.0
2048,12481,0.0,0.0
2049,12487,0.0,0.0
2050,12493,0.0,0.0
2051,12499,0.0,0.0
2052,12505,0.0,0.0
2053,12511,0.0,0.0
2054,12517,0.0,0.0
2055,12523,0.0,0.0
2056,12529,0.0,0.0
2057,12535,0.0,0.0
2058,12541,0.0,0.0
2059,12547,0.0,0.0
2060,12553,0.0,0.0
2061,12559,0.0,0.0
2062,12565,0.0,0.0
2063,12571,0.0,0.0
2064,12577,0.0,0.0
2065,12583,0.0,0.0
2066,12589,0.0,0.0
2067,12595,0.0,0.0
2068,12601,0.0,0.0
2069,12607,0.0,0.0
2070,12613,0.0,0.0
2071,12619,0.0,0.0
2072,12625,0.0,0.0
2073,12631,0.0,0.0
2074,12637,0.0,0.0
2075,12643,0.0,0.0
2076,12649,0.0,0.0
2077,12655,0.0,0.0
2078,12661,0.0,0.0
2079,12667,0.0,0.0
2080,12673,0.0,0.0
2081,12679,0.0,0.0
2082,12685,0.0,0.0
2083,12691,0.0,0.0
2084,12697,0.0,0.0
2085,12703,0.0,0.0
2086,12709,0.0,0.0
2087,12715,0.0,0.0
2088,12721,0.0,0.0
2089,12727,0.0,0.0
2090,12733,0.0,0.0
2091,12739,0.0,0.0
2092,12745,0.0,0.0
2093,12751,0.0,0.0
2094,12757,0.0,0.0
2095,12763,0.0,0.0
2096,12769,0.0,0.0
2097,12775,0.0,0.0
2098,12781,0.0,0.0
2099,12787,0.0,0.0
2100,12793,0.0,0.0
2101,12799,0.0,0.0
2102,12805,0.0,0.0
2103,12811,0.0,0.0
2104,12817,0.0,0.0
2105,12823,0.0,0.0
2106,12829,0.0,0.0
2107,12835,0.0,0.0
2108,12841,0.0,0.0
2109,12847,0.0,0.0
2110,12853,0.0,0.0
2111,12859,0.0,0.0
2112,12865,0.0,0.0
2113,12871,0.0,0.0
2114,12877,0.0,0.0
2115,12883,0.0,0.0
2116,12889,0.0,0.0
2117,12895,0.0,0.0
2118,12901,0.0,0.0
2119,12907,0.0,0.0
2120,12913,0.0,0.0
2121,12919,0.0,0.0
2122,12925,0.0,0.0
2123,12931,0.0,0.0
2124,12937,0.0,0.0
2125,12943,0.0,0.0
2126,12949,0.0,0.0
2127,12955,0.0,0.0
2128,12961,0.0,0.0
2129,12967,0.0,0.0
2130,12973,0.0,0.0
2131,12979,0.0,0.0
2132,12985,0.0,0.0
2133,12991,0.0,0.0
2134,12997,0.0,0.0
2135,13003,0.0,0.0
2136,13009,0.0,0.0
2137,13015,0.0,0.0
2138,13021,0.0,0.0
2139,13027,0.0,0.0
2140,13033,0.0,0.0
2141,13039,0.0,0.0
2142,13045,0.0,0.0
2143,13051,0.0,0.0
2144,13057,0.0,0.0
2145,13063,0.0,0.0
2146,13069,0.0,0.0
2147,13075,0.0,0.0
2148,13081,0.0,0.0
2149,13087,0.0,0.0
2150,13093,0.0,0.0
2151,13099,0.0,0.0
2152,13105,0.0,0.0
2153,13111,0.0,0.0
2154,13117,0.0,0.0
2155,13123,0.0,0.0
2156,13129,0.0,0.0
2157,13135,0.0,0.0
2158,13141,0.0,0.0
2159,13147,0.0,0.0
2160,13153,0.0,0.0
2161,13159,0.0,0.0
2162,13165,0.0,0.0
2163,13171,0.0,0.0
2164,13177,0.0,0.0
2165,13183,0.0,0.0
2166,13189,0.0,0.0
2167,13195,0.0,0.0
2168,13201,0.0,0.0
2169,13207,0.0,0.0
2170,13213,0.0,0.0
2171,13219,0.0,0.0
2172,13225,0.0,0.0
2173,13231,0.0,0.0
2174,13237,0.0,0.0
2175,13243,0.0,0.0
2176,13249,0.0,0.0
2177,13255,0.0,0.0
2178,13261,0.0,0.0
2179,13267,0.0,0.0
2180,13273,0.0,0.0
2181,13279,0.0,0.0
2182,13285,0.0,0.0
2183,13291,0.0,0.0
2184,13297,0.0,0.0
2185,13303,0.0,0.0
2186,13309,0.0,0.0
2187,13315,0.0,0.0
2188,13321,0.0,0.0
2189,13327,0.0,0.0
2190,13333,0.0,0.0
2191,13339,0.0,0.0
2192,13345,0.0,0.0
2193,13351,0.0,0.0
2194,13357,0.0,0.0
2195,13363,0.0,0.0
2196,13369,0.0,0.0
2197,13375,0.0,0.0
2198,13381,0.0,0.0
2199,13387,0.0,0.0
2200,13393,0.0,0.0
2201,13399,0.0,0.0
2202,13405,0.0,0.0
2203,13411,0.0,0.0
2204,13417,0.0,0.0
2205,13423,0.0,0.0
2206,13429,0.0,0.0
2207,13435,0.0,0.0
2208,13441,0.0,0.0
2209,13447,0.0,0.0
2210,13453,0.0,0.0
2211,13459,0.0,0.0
2212,13465,0.0,0.0
2213,13471,0.0,0.0
2214,13477,0.0,0.0
2215,13483,0.0,0.0
2216,13489,0.0,0.0
2217,13495,0.0,0.0
2218,13501,0.0,0.0
2219,13507,0.0,0.0
2220,13513,0.0,0.0
2221,13519,0.0,0.0
2222,13525,0.0,0.0
2223,13531,0.0,0.0
2224,13537,0.0,0.0
2225,13543,0.0,0.0
2226,13549,0.0,0.0
2227,13555,0.0,0.0
2228,13561,0.0,0.0
2229,13567,0.0,0.0
2230,13573,0.0,0.0
2231,13579,0.0,0.0
2232,13585,0.0,0.0
2233,13591,0.0,0.0
2234,13597,0.0,0.0
2235,13603,0.0,0.0
2236,13609,0.0,0.0
2237,13615,0.0,0.0
2238,13621,0.0,0.0
2239,13627,0.0,0.0
2240,13633,0.0,0.0
2241,13639,0.0,0.0
2242,13645,0.0,0.0
2243,13651,0.0,0.0
2244,13657,0.0,0.0
2245,13663,0.0,0.0
2246,13669,0.0,0.0
2247,13675,0.0,0.0
2248,13681,0.0,0.0
2249,13687,0.0,0.0
2250,13693,0.0,0.0
2251,13699,0.0,0.0
2252,13705,0.0,0.0
2253,13711,0.0,0.0
2254,13717,0.0,0.0
2255,13723,0.0,0.0
2256,13729,0.0,0.0
2257,13735,0.0,0.0
2258,13741,0.0,0.0
2259,13747,0.0,0.0
2260,13753,0.0,0.0
2261,13759,0.0,0.0
2262,13765,0.0,0.0
2263,13771,0.0,0.0
2264,13777,0.0,0.0
2265,13783,0.0,0.0
2266,13789,0.0,0.0
2267,13795,0.0,0.0
2268,13801,0.0,0.0
2269,13807,0.0,0.0
2270,13813,0.0,0.0
2271,13819,0.0,0.0
2272,13825,0.0,0.0
2273,13831,0.0,0.0
2274,13837,0.0,0.0
2275,13843,0.0,0.0
2276,13849,0.0,0.0
2277,13855,0.0,0.0
2278,13861,0.0,0.0
2279,13867,0.0,0.0
2280,13873,0.0,0.0
2281,13879,0.0,0.0
2282,13885,0.0,0.0
2283,13891,0.0,0.0
2284,13897,0.0,0.0
2285,13903,0.0,0.0
2286,13909,0.0,0.0
2287,13915,0.0,0.0
2288,13921,0.0,0.0
2289,13927,0.0,0.0
2290,13933,0.0,0.0
2291,13939,0.0,0.0
2292,13945,0.0,0.0
2293,13951,0.0,0.0
2294,13957,0.0,0.0
2295,13963,0.0,0.0
2296,13969,0.0,0.0
2297,13975,0.0,0.0
2298,13981,0.0,0.0
2299,13987,0.0,0.0
